{
  "q": [
    0.0,
    0.0
  ],
  "w": [
    9.0,
    0.0
  ],
  "e": [
    5.0,
    2.0
  ],
  "r": [
    6.0,
    2.0
  ],
  "t": [
    4.0,
    2.0
  ],
  "y": [
    5.0,
    0.0
  ],
  "u": [
    0.5,
    1.0
  ],
  "i": [
    2.5,
    1.0
  ],
  "o": [
    6.5,
    1.0
  ],
  "p": [
    3.5,
    1.0
  ],
  "a": [
    3.0,
    0.0
  ],
  "s": [
    4.5,
    1.0
  ],
  "d": [
    7.0,
    2.0
  ],
  "f": [
    7.0,
    0.0
  ],
  "g": [
    7.5,
    1.0
  ],
  "h": [
    3.0,
    2.0
  ],
  "j": [
    1.0,
    0.0
  ],
  "k": [
    2.0,
    2.0
  ],
  "l": [
    4.0,
    0.0
  ],
  "z": [
    2.0,
    0.0
  ],
  "x": [
    4.5,
    3.0
  ],
  "c": [
    1.0,
    2.0
  ],
  "v": [
    8.5,
    1.0
  ],
  "b": [
    6.0,
    0.0
  ],
  "n": [
    8.0,
    0.0
  ],
  "m": [
    1.5,
    1.0
  ],
  " ": [
    5.5,
    1.0
  ]
}